model,mean_accuracy,mean_macro_f1,mean_coverage
gemini-2.5-flash-lite,0.5625855077978111,0.3922348900377206,0.8501579604731467
gemma3,0.42658811510062417,0.29281307999337197,0.8349129380648006
qwen2.5vl,0.5087719298245613,0.590909022116116,0.004187789288075821
