model,accuracy_strict
gemini-2.5-flash-lite,0.47806920872823455
gemma3,0.35629270443024025
qwen2.5vl,0.0021306296377929614
